{
  "config_num": 12,
  "learning_rate": 0.001,
  "dropout": 0.4,
  "hidden_size": 40,
  "weight_decay": 0.01,
  "val_kt_mean": 0.9049095181044866,
  "val_kt_std": 0.006031149674804187
}